epoch,accuracy,learning_rate,loss,precision,recall,val_accuracy,val_loss,val_precision,val_recall
0,0.5526586174964905,9.999999974752427e-07,0.8130930066108704,0.5526586174964905,0.5526586174964905,0.6179941296577454,0.6661764979362488,0.6179941296577454,0.6179941296577454
1,0.6170498728752136,9.999999974752427e-07,0.7062751054763794,0.6170498728752136,0.6170498728752136,0.6533923149108887,0.6579273343086243,0.6533923149108887,0.6533923149108887
2,0.6565536856651306,9.999999974752427e-07,0.6500089168548584,0.6565536856651306,0.6565536856651306,0.6762536764144897,0.6228436231613159,0.6762536764144897,0.6762536764144897
